id,gender,profession,housing,food,transport,bills,clothing,personal_needs,debt_repayment,family_needs,health_insurance,entertainment_leisure
1,Female,Pharmacist,14208,9911,4584,9821,1600,2198,13852,7825,2872,2299
2,Male,Journalist,13473,17399,9554,7185,1303,4712,7748,6488,2172,1454
3,Female,Teacher,43668,19432,10999,4923,2625,2364,4265,9849,2000,1206
4,Female,Doctor,39320,13336,11212,5627,4341,1934,7209,4939,3724,1182
5,Female,Pharmacist,19320,5851,9461,2982,3379,1614,14099,2088,4821,2982
6,Male,Nurse,27631,14224,13357,5177,3025,4095,3823,9833,2944,4811
7,Male,Lawyer,38156,13380,6534,2795,3318,4236,8875,5481,3337,1817
8,Male,Engineer,35283,9478,12833,9490,3144,4820,8554,7938,3809,2862
9,Female,Nurse,13349,13613,14620,9069,1659,1928,3964,3968,1244,1771
10,Female,Pharmacist,45975,6835,8968,2768,3820,2430,11448,7860,3282,2237
11,Male,Teacher,23891,5907,9173,4691,3371,4674,2465,4027,3200,4325
12,Female,Architect,45088,12161,4344,8774,1037,3270,8633,5620,4782,3489
13,Male,Engineer,33913,11852,3491,2639,4583,4717,7606,8310,3091,4447
14,Male,Engineer,31697,11927,14361,2422,1608,1147,8989,5995,3702,3747
15,Male,Pharmacist,20010,5039,12340,2805,4147,2248,3512,4909,2495,4084
16,Female,Nurse,31621,13808,7749,5402,2679,4919,9364,7984,1760,1685
17,Male,Architect,47899,16500,8080,7032,2537,1119,9445,3824,1469,3047
18,Male,Accountant,33507,14462,6014,7926,4677,3685,13559,6730,2372,4292
19,Female,Lawyer,10933,10056,7267,9673,2710,3456,12477,4096,4417,4719
20,Female,Nurse,44500,14605,11849,8841,3628,1331,13306,9842,4083,4938
21,Female,Pharmacist,26456,17271,4097,4668,1880,4803,2409,8836,4829,1400
22,Male,Journalist,16648,5238,7976,2139,1993,4230,12571,4902,4287,4974
23,Female,Doctor,46681,17482,10158,9930,3511,2714,6549,4415,2819,1678
24,Female,Accountant,33623,15788,4573,6461,2734,2619,11683,6168,1878,2880
25,Male,Journalist,48909,9740,4544,7186,1447,1269,13178,7801,2212,2204
26,Male,Journalist,37621,16978,8144,6338,3432,4796,7266,8918,1782,4205
27,Female,Journalist,17768,17023,4686,2188,2468,3387,4625,2399,3781,3556
28,Female,Software Developer,24200,18983,4644,5888,4702,1418,14420,7267,3086,3321
29,Male,Architect,42980,10776,10576,8655,3546,2841,6146,6330,1395,2050
30,Female,Architect,29539,19820,13779,9566,3768,4753,14500,5351,2920,1652
31,Female,Architect,27325,5657,14998,5118,2340,3782,11853,7768,2092,2913
32,Male,Software Developer,46366,18955,7157,5454,4404,4633,12886,4473,3805,3052
33,Female,Software Developer,44896,19155,7033,9713,2275,2402,7935,5959,4096,1394
34,Female,Teacher,26140,12364,8309,6985,3932,4644,4811,7982,4044,2163
35,Male,Journalist,12806,6031,11475,8433,4992,3216,4664,8135,3189,4607
36,Male,Lawyer,47062,16658,3123,5458,4329,1841,4829,5140,1000,3616
37,Female,Nurse,38760,17366,13368,5017,1732,1385,14533,6515,1344,1336
38,Female,Journalist,36475,17268,9557,2843,2806,2015,5569,3530,3415,4757
39,Female,Doctor,27726,13785,5823,2579,1178,2201,7332,3478,1906,3634
40,Female,Teacher,32880,11770,10151,2559,1927,1485,8542,7783,2266,3988
41,Female,Pharmacist,30103,17279,7671,2603,3112,4037,10379,3300,3686,2651
42,Female,Teacher,20460,10181,14177,2864,2679,2802,8963,6922,4980,3196
43,Male,Journalist,24192,12855,10344,5528,3539,2640,13538,9798,2299,3901
44,Female,Lawyer,27119,10172,7997,6942,4746,1275,14856,7191,3768,3239
45,Male,Architect,32159,9375,12728,9264,4094,3910,2576,5293,2847,4782
46,Female,Pharmacist,40575,7712,4189,4820,3332,4000,7825,8592,4181,4202
47,Male,Doctor,40578,12427,4357,9626,4788,2141,5722,2316,1098,3341
48,Male,Architect,17431,13950,13052,9364,4477,1919,9350,5584,2688,3260
49,Male,Software Developer,21456,6165,6075,9047,1773,2979,9135,2731,3964,4225
50,Male,Pharmacist,45046,19697,10131,7163,1295,3105,5753,6450,1406,1672
51,Female,Lawyer,34036,6193,14378,2081,4328,2975,8714,7766,4249,4748
52,Female,Lawyer,41234,7216,12189,2750,1578,3357,8999,5917,3889,3213
53,Female,Engineer,13046,15640,9415,2228,3200,3967,7338,7853,1488,2788
54,Male,Doctor,37493,11976,4325,4004,1166,3950,4163,8419,4221,4653
55,Female,Nurse,40952,16811,8662,8826,1622,1050,9189,5463,3928,4308
56,Male,Journalist,34097,10844,5383,7559,1999,1348,10439,7454,1824,2926
57,Female,Architect,11707,11879,13320,6656,1916,3764,12608,6797,3294,3519
58,Male,Engineer,41283,19071,6783,9008,4402,1372,2005,8785,1143,1814
59,Male,Architect,29211,6536,14616,2658,1079,4514,9831,7960,2868,4567
60,Male,Lawyer,15698,14686,14947,7361,1724,3734,4500,4106,1156,1412
61,Male,Teacher,16665,15220,10223,9094,3962,2920,6235,9133,1710,3552
62,Female,Architect,35239,18749,5046,4469,4980,2217,2775,2450,4685,2484
63,Male,Pharmacist,14588,11610,5731,8075,2656,4243,13456,7055,3703,2938
64,Female,Lawyer,48863,7970,8689,2224,3404,3154,12454,3506,3533,2728
65,Male,Nurse,27120,15752,12812,4182,1119,3459,11920,3007,2885,1719
66,Female,Journalist,19141,10825,14358,6222,4080,4670,11405,6642,3658,1835
67,Male,Accountant,29880,17672,14838,6533,2173,1652,5554,9467,4943,4665
68,Female,Architect,19867,6541,9175,6020,1470,1678,8034,5699,1749,3321
69,Male,Journalist,28499,8432,14278,7798,3901,3522,6584,7460,2588,4630
70,Female,Nurse,46087,15651,9360,7854,1454,3962,3465,9827,3055,1346
71,Female,Teacher,10893,18159,10691,8951,2860,1812,7543,3195,1319,3264
72,Male,Doctor,25545,18878,8512,6776,4122,2159,12148,5149,3532,1070
73,Female,Accountant,45117,18236,8115,2420,3739,1884,10931,6164,3722,3216
74,Female,Pharmacist,12926,15292,4924,2963,4955,1715,3974,6414,1974,4714
75,Male,Journalist,32890,11349,6074,9457,4331,4634,12588,4818,1794,2738
76,Male,Pharmacist,15681,6667,11390,2152,2988,4725,8442,6983,4917,2380
77,Male,Software Developer,20838,14523,12884,2151,2130,4030,6541,3662,4597,1741
78,Male,Pharmacist,32776,12165,11366,8321,2398,2671,12917,5656,1853,2666
79,Female,Journalist,47811,9900,7041,3516,1000,3604,3375,6611,1148,4301
80,Male,Lawyer,43480,13275,9179,8289,1450,2683,13466,4746,3937,4815
81,Male,Doctor,47989,14501,14292,6127,3358,4847,5360,4217,3451,2540
82,Male,Nurse,14919,7969,12774,9351,4167,1042,10599,6235,4656,3914
83,Male,Doctor,49292,17864,6534,3985,4176,4170,13873,4414,2286,1296
84,Female,Engineer,37301,8273,14120,2624,4446,2403,9624,9671,1899,2177
85,Male,Nurse,27613,15686,11484,9445,4743,2005,5082,8818,1471,1178
86,Male,Nurse,16180,6580,7979,7067,2363,2024,14053,5178,4532,1035
87,Female,Lawyer,35981,10625,9987,7313,1221,2429,2751,4978,4230,2609
88,Male,Engineer,35169,13376,4681,3663,2397,4664,11792,6799,1916,4696
89,Female,Software Developer,41366,12792,12368,3067,3148,2466,11737,2813,3885,3375
90,Female,Engineer,40400,6217,8162,6391,4995,3031,11390,3940,2566,1195
91,Male,Journalist,15893,18787,8870,8616,2610,1662,8217,5899,4137,1400
92,Male,Engineer,42988,9597,13254,2169,1836,1115,3485,3646,2622,2941
93,Female,Engineer,33884,18384,9046,4626,1262,4256,7380,6591,2133,2642
94,Male,Pharmacist,48051,6009,11321,2100,3100,2950,10996,9515,4703,4779
95,Male,Accountant,23288,19610,12909,7351,1195,3196,5964,5316,1637,1780
96,Female,Accountant,46007,8523,11463,7847,4751,3778,5465,5392,4175,2181
97,Male,Nurse,29379,9381,12417,9295,3210,2314,9346,3493,4778,2199
98,Male,Nurse,32355,12263,13032,4132,1009,3816,5941,6073,1107,4526
99,Female,Accountant,26919,15778,12975,5577,3427,4036,10677,6256,4270,4671
100,Male,Teacher,40701,8521,12729,9265,1960,3951,12268,8673,3902,3202
101,Male,Doctor,25729,10823,9552,4128,3489,3525,13104,3707,4099,3607
102,Male,Teacher,24942,12911,13974,4246,4851,1389,14100,5112,1601,4260
103,Female,Teacher,40043,17155,9525,6780,4383,3340,12250,8479,3858,4866
104,Female,Software Developer,31328,6725,8182,9516,2671,4391,14737,9560,3706,2301
105,Female,Lawyer,44591,18977,11854,2022,4515,1112,3991,3659,1925,1161
106,Female,Doctor,43189,9027,13503,3791,2902,3082,9094,8594,3950,2181
107,Female,Journalist,12247,11274,5036,3947,1612,2406,9413,2071,2981,3280
108,Male,Accountant,17052,13261,9253,8466,3288,2218,14248,8148,1135,1182
109,Male,Nurse,15142,8302,6383,3570,4914,1238,4323,5595,1862,4478
110,Male,Journalist,32451,11152,7959,5348,3397,4958,2072,3907,4519,3578
111,Male,Engineer,30838,17197,11413,5272,3925,1966,6181,7112,2729,4805
112,Female,Architect,21334,7871,14382,2177,1036,2662,6986,2427,3527,3437
113,Male,Lawyer,13832,12966,6387,2405,3151,2227,6731,9309,4822,1620
114,Female,Nurse,30324,19535,9576,5731,4658,3800,2691,9657,2203,2088
115,Male,Software Developer,39383,10175,9344,3546,1374,3262,8281,8954,3589,4878
116,Male,Engineer,11612,6546,11208,8913,3368,2571,7932,6373,1212,1488
117,Female,Journalist,22638,17783,13793,3232,2129,3498,6911,6395,3467,1509
118,Male,Lawyer,32921,17709,6436,8298,4323,2361,7092,5710,4506,4381
119,Male,Teacher,38255,5622,5601,5274,3803,3595,4138,7963,4339,4658
120,Female,Teacher,36624,9324,14051,9793,2715,2543,9690,9405,2686,4147
121,Male,Nurse,22744,15917,10931,6189,1251,2712,12167,9410,2241,1390
122,Male,Accountant,17335,15281,5187,2296,2960,4090,6372,2180,3968,3714
123,Male,Journalist,40635,6746,15000,3930,2702,4656,12765,8325,3425,4297
124,Male,Teacher,19076,9351,11090,7265,2384,1525,10740,8392,2747,1693
125,Female,Pharmacist,23065,16227,13968,7312,1862,2884,3052,2128,3106,3700
126,Male,Lawyer,20197,8988,12488,4181,3279,1457,7714,3401,2784,4998
127,Female,Software Developer,22324,19317,13897,6797,1986,3588,4685,3815,2097,2206
128,Male,Teacher,44471,6197,5810,8852,2695,1142,7902,6785,4287,2565
129,Female,Engineer,49127,13384,7353,8636,3466,3824,8032,4149,1494,1082
130,Male,Pharmacist,40661,19993,8400,4531,2641,3288,4919,7693,3874,4556
131,Female,Software Developer,48264,14009,10305,7840,4424,3971,9150,6236,2180,2933
132,Male,Accountant,15179,5559,3393,5743,4797,2185,4318,8342,3136,1766
133,Female,Accountant,31269,12481,14100,7057,4493,1924,5946,7969,4690,1237
134,Female,Nurse,12168,5994,4759,7133,3482,2698,13911,3789,2296,2257
135,Male,Teacher,36947,16324,11358,5115,2282,3293,6244,4462,2055,2941
136,Male,Journalist,16016,6386,9312,6290,3667,3650,8380,2335,1644,2017
137,Male,Teacher,31600,13241,5442,8105,3060,4979,9172,5093,4211,3523
138,Female,Accountant,18248,6168,9132,3058,4892,4691,7830,2680,3622,1992
139,Male,Engineer,15560,16962,14164,2722,4645,2626,5409,4844,2000,2445
140,Female,Accountant,46369,12313,3501,6075,2546,4832,8969,8730,1732,2689
141,Male,Journalist,19389,6563,4659,4330,3354,1033,8123,2035,4215,4983
142,Female,Software Developer,35624,8951,14390,8439,1720,2971,11248,2886,1146,2619
143,Male,Doctor,16987,9088,7123,7071,4443,1652,9768,8930,2771,2916
144,Female,Teacher,11514,5085,9748,7572,4737,1781,12901,7937,3371,1859
145,Male,Accountant,13730,15253,8746,6978,4210,4338,5219,6513,4507,2810
146,Female,Doctor,18961,10137,9331,6737,3470,4263,8268,6344,1060,1648
147,Female,Accountant,41515,7176,14960,7612,4361,4532,5077,6413,3389,1567
148,Male,Pharmacist,42674,17305,10802,4524,2851,4303,2029,7395,3595,4490
149,Male,Doctor,48886,10436,4891,2567,4069,1019,14355,9292,2110,4542
150,Male,Pharmacist,10741,17087,10961,4293,3101,4376,5174,8394,4181,4017
151,Female,Nurse,37228,5481,4076,2139,3470,3001,11207,3806,4763,3273
152,Male,Lawyer,37287,6716,3383,5209,4925,2559,10479,9616,1638,1883
153,Female,Pharmacist,11135,9172,12510,8342,2779,4982,9479,2408,4673,2108
154,Male,Architect,49281,8335,7134,9578,3520,3344,6632,9233,1273,3842
155,Female,Accountant,30121,14710,3069,6081,2431,2971,5680,9733,2860,1672
156,Female,Lawyer,39740,11298,8670,4017,1002,4910,13763,4271,4567,2023
157,Female,Software Developer,11506,18513,5563,4082,3247,4077,3874,6790,4557,2431
158,Female,Nurse,46653,8947,6748,7549,4829,1729,7120,7723,2586,1326
159,Male,Teacher,33359,5301,12502,7433,2971,4088,10513,3506,1412,1552
160,Female,Software Developer,40412,16631,5427,2311,3449,1191,5024,6027,3806,3336
161,Female,Accountant,32694,12196,3577,2134,3752,3509,12013,4072,2143,1577
162,Female,Doctor,32079,8985,5532,3630,3728,4675,5998,8475,3994,4811
163,Female,Lawyer,37218,15471,4930,2686,3270,4168,9759,6482,2066,3590
164,Female,Nurse,16798,8922,6262,8907,2858,1293,2401,7101,3727,4300
165,Female,Lawyer,13981,12122,5380,7338,3363,3695,10204,5136,1392,3412
166,Female,Nurse,42726,10200,11520,6969,4364,4292,11694,8085,1432,1020
167,Female,Pharmacist,35693,14961,10867,7111,4725,3406,10147,2200,2118,1023
168,Female,Lawyer,44208,14438,7017,9733,3536,4182,11426,5407,1428,1660
169,Male,Accountant,31589,15376,3494,6532,1980,4124,13183,7539,3014,4794
170,Male,Doctor,42837,9802,11747,3969,2640,3666,9879,4398,2645,4183
171,Female,Software Developer,14312,12140,11105,2127,1439,1331,6441,4328,3084,3245
172,Male,Nurse,34509,11328,11900,7846,2372,2693,2168,6522,1922,1353
173,Male,Lawyer,49317,14880,8866,2232,1438,1031,2439,7434,2342,4336
174,Female,Nurse,43310,14380,7766,2757,2170,2154,12681,9239,1062,3253
175,Male,Doctor,34693,8148,5638,7847,3877,4362,13507,4916,2362,2988
176,Male,Software Developer,49705,12759,14418,9679,1768,3175,8866,9261,4190,3119
177,Male,Engineer,23204,10796,14832,4520,2653,4653,8666,3089,1763,2356
178,Male,Doctor,18190,14203,5216,3873,3647,1679,4861,3966,4979,4288
179,Female,Lawyer,15997,15849,12074,4192,4271,2309,13612,2141,4193,4049
180,Male,Engineer,39617,14929,13187,7388,1210,4447,3492,3769,1065,3530
181,Male,Engineer,19505,7153,14491,2240,2491,1529,8020,3679,2416,3219
182,Female,Pharmacist,23318,19914,12696,9548,3312,2822,9184,9972,1163,1888
183,Female,Pharmacist,43345,8647,7682,3450,1867,1890,2212,4131,3271,1374
184,Male,Teacher,43363,12692,9799,5989,2737,2231,13289,3667,1437,3066
185,Male,Teacher,39478,5356,11748,9235,2129,3922,9302,3016,1297,3023
186,Female,Architect,42820,7142,6626,4201,1274,4997,10191,4007,4351,3360
187,Male,Nurse,25782,6923,4365,3285,3495,1655,4371,3392,1810,1924
188,Female,Doctor,31357,13445,3240,8626,3765,2490,7853,6874,4382,3187
189,Male,Pharmacist,43790,19528,5832,8257,2509,3654,7778,7446,2662,4826
190,Male,Nurse,19003,14710,13768,4510,2032,3438,2733,9518,2734,3123
191,Male,Pharmacist,40785,18578,5023,3651,1863,1036,12365,9139,3431,1113
192,Male,Nurse,41193,8010,14796,6313,2058,1360,4665,7451,3419,3101
193,Male,Nurse,32065,8840,4268,6645,1730,1739,11168,9879,4284,4184
194,Female,Journalist,47511,10653,12512,4962,4522,4557,8641,5074,1096,4236
195,Female,Nurse,39930,6443,13292,6194,4075,4133,12415,8464,1449,4146
196,Male,Lawyer,13297,5592,6997,3964,4796,2840,3718,9762,1031,3362
197,Female,Architect,12357,12997,6983,9539,3282,3005,8669,2168,3746,2137
198,Male,Pharmacist,22303,13639,9855,3791,2392,1611,7511,6602,2329,2616
199,Female,Teacher,16841,18338,10964,8345,1080,2244,11187,4722,3423,3729
200,Female,Nurse,43371,13735,5531,9482,4093,1582,9883,2108,2153,3718
201,Female,Accountant,17102,14217,11707,5028,4638,3430,9757,5911,2139,1296
202,Female,Lawyer,40261,9216,3539,4145,1722,3355,9923,3992,4392,1821
203,Female,Teacher,26027,14774,3486,3254,4512,1726,3671,4095,4237,1137
204,Female,Engineer,15391,19501,9205,6689,1293,4838,11202,3036,2485,2540
205,Female,Pharmacist,24267,11257,8268,7126,1508,1864,13348,4581,3728,1149
206,Male,Pharmacist,48822,5782,5322,8951,4942,3597,11861,8900,1979,2910
207,Male,Pharmacist,37877,13813,14949,4422,2585,3833,6851,3394,2246,3939
208,Male,Engineer,27809,14215,13330,7141,2809,3395,14979,3921,3721,4849
209,Male,Accountant,27352,13758,6145,6679,4598,2260,6799,8307,3605,2966
210,Female,Software Developer,29240,6797,3626,8482,2997,3063,7396,8688,4486,2034
211,Male,Engineer,36071,19737,3578,7328,2505,3544,2033,3598,3518,2355
212,Male,Pharmacist,32616,14565,13220,7933,1579,2452,8309,6370,2911,4946
213,Female,Teacher,17926,11074,7596,9788,3272,2353,9369,4044,1774,3790
214,Female,Journalist,38665,7838,14450,4102,3782,1076,10854,8700,3396,3793
215,Male,Software Developer,48871,14657,13834,5425,1712,3624,6699,8022,3141,1555
216,Female,Architect,27952,10109,3366,5355,4929,1780,5639,7812,4943,4393
217,Male,Doctor,19928,18581,9637,5298,3291,4129,13524,7132,2312,3850
218,Male,Engineer,23562,15100,11144,7482,3349,1771,5089,7070,1724,4536
219,Male,Architect,39606,17336,12918,6219,4004,2183,13255,3971,1469,3643
220,Male,Accountant,32141,16206,8643,3172,3362,3409,7168,4395,2168,2202
221,Male,Engineer,41659,12626,12488,7830,4394,2607,12079,6266,1011,1422
222,Male,Journalist,41617,6352,4917,9132,2393,1083,2962,3900,4014,1636
223,Female,Nurse,30131,12519,5889,6048,4018,2905,9061,3315,2817,3104
224,Female,Architect,49079,10488,4279,3191,2424,4393,11799,6236,1636,1702
225,Female,Doctor,48037,19513,3868,3919,1086,2386,9397,9786,4688,4314
226,Female,Teacher,34848,16323,5859,7819,3983,4970,9710,9301,3632,3406
227,Male,Architect,17418,8975,8665,6946,1114,4678,4901,9247,2277,3516
228,Male,Teacher,16218,6688,11384,6594,4257,4041,14670,9820,4542,3636
229,Male,Architect,25328,11512,5703,8360,2996,1700,6650,6001,4464,2354
230,Male,Software Developer,38662,19342,3935,8389,1027,3908,6606,2000,1785,1726
231,Female,Software Developer,11578,15226,12205,9316,3601,1048,6285,4650,4010,2132
232,Female,Software Developer,48683,8966,14336,2889,3030,3325,9050,3471,2632,2221
233,Female,Lawyer,49612,18959,14742,2227,4774,3480,6214,3528,2174,1944
234,Female,Software Developer,48698,18748,12519,5788,1252,1082,9221,4602,1025,2116
235,Female,Accountant,23811,11007,10072,8058,3730,2741,14691,4108,4462,4880
236,Male,Journalist,38391,14903,6620,9423,2588,4701,11560,2403,1935,2543
237,Male,Software Developer,14504,5543,12495,9284,3905,2533,5320,5946,4616,2173
238,Female,Software Developer,23066,18447,14478,9717,1088,3417,7064,5222,1924,2467
239,Female,Lawyer,31919,16793,8248,2761,2305,2677,11580,4205,1077,1621
240,Male,Architect,33582,14632,6643,6092,1111,3036,8598,3124,4123,2002
241,Male,Teacher,19057,12130,4689,7193,4069,3094,3140,8294,2592,3265
242,Female,Engineer,38906,17757,6816,2995,4850,4072,13657,4131,1587,3902
243,Male,Doctor,26882,15199,4540,9561,4771,4925,11711,3083,2487,1541
244,Female,Accountant,45241,18635,5995,9604,4623,4869,4495,5500,4657,1740
245,Male,Lawyer,43115,6446,9205,6504,2256,3827,13327,5419,2192,4919
246,Female,Lawyer,40459,8099,3462,8467,1491,4523,9502,2736,2956,4086
247,Male,Teacher,22393,7995,8052,6475,1679,3101,10468,6910,2864,1680
248,Male,Software Developer,47117,9456,9461,2787,2609,1180,4834,9629,3004,2577
249,Female,Doctor,47015,10736,3784,4638,1050,2979,3775,9849,3400,2515
250,Male,Engineer,16336,8170,10264,7850,1337,3556,11829,4753,1412,1390
251,Male,Accountant,34568,7151,5591,5937,4560,4966,9209,9130,1590,2243
252,Female,Teacher,38712,17931,7896,9435,2338,1538,14150,5229,1954,2519
253,Male,Teacher,36574,18283,8867,7866,1635,2427,3246,9490,2509,4560
254,Female,Architect,25961,7435,3841,9401,1623,3933,7648,8410,3495,1242
255,Male,Lawyer,19604,9891,4456,4341,2455,2518,9452,3111,1797,2193
256,Female,Nurse,22175,10583,4003,3646,2544,2825,9678,9130,2286,1285
257,Male,Journalist,10137,15811,8167,3177,2551,3544,9859,2716,2583,3168
258,Female,Architect,49824,17881,5572,4916,3041,1861,10090,4099,4198,4390
259,Female,Architect,34771,19824,6488,9583,4568,1596,5695,2280,1479,1114
260,Female,Architect,18008,5034,8778,3455,3023,1885,4066,4312,2372,3910
261,Female,Teacher,11456,15028,7302,8324,2807,4007,11143,9298,4409,1666
262,Male,Nurse,44586,16498,9934,2023,1523,1627,11060,4265,4872,3231
263,Female,Engineer,45084,10609,9914,4558,3521,3401,4941,8981,4850,2191
264,Female,Doctor,40237,12146,14340,2324,2597,3729,4450,7081,2241,3696
265,Female,Architect,23708,11412,8998,5160,1549,4051,5776,4644,3186,2254
266,Female,Nurse,18856,13270,11137,8416,4697,3735,4865,3537,1770,3319
267,Male,Nurse,44906,10787,12179,5254,4385,2595,8602,8687,2454,1948
268,Male,Lawyer,40923,16244,8267,3885,1455,3923,5170,7566,2421,2230
269,Female,Nurse,30834,17933,8538,6741,2318,3973,4360,2313,4031,2725
270,Male,Pharmacist,28430,10855,3914,2967,3232,2596,5413,9263,4834,1814
271,Female,Journalist,35711,19936,11688,6450,2558,4262,4998,8841,4735,2441
272,Female,Doctor,33911,9756,14932,3967,4170,4730,6715,7535,1416,4004
273,Male,Nurse,13952,12692,12994,7718,3617,1456,7636,3128,2632,3373
274,Male,Nurse,26137,15532,11460,3373,2597,3420,4337,4258,4377,4114
275,Female,Accountant,31371,7583,13718,2610,3147,4282,3316,8893,1391,2956
276,Female,Pharmacist,23779,10119,14004,4307,4044,4725,14456,6131,2475,3954
277,Female,Nurse,23674,5842,8403,6455,3140,2804,8723,2070,4076,4267
278,Female,Software Developer,45325,6198,7905,8777,1530,2794,2452,3003,1341,2474
279,Female,Accountant,39960,9235,3512,7779,1521,1137,7046,5231,1774,4931
280,Female,Engineer,17211,19867,9295,5575,3773,1523,8708,8520,2187,2901
281,Female,Accountant,32703,7710,10196,4205,1324,1836,9036,4154,1318,4915
282,Male,Pharmacist,21300,18384,11426,8450,3340,3079,12239,3024,4198,1229
283,Female,Journalist,36490,17830,13563,8396,3493,4018,7408,3613,2500,4242
284,Female,Nurse,40730,5974,14727,7690,2529,3983,5158,9330,1852,4662
285,Female,Software Developer,41186,17016,9816,8510,3212,1978,11095,9125,1033,2924
286,Male,Accountant,14842,17605,7928,5949,4838,4856,14751,9297,4553,3866
287,Female,Software Developer,36178,8158,10752,9079,3479,4734,13405,4620,3305,4281
288,Female,Nurse,20143,11064,13969,6883,4905,4947,3534,7340,4546,2219
289,Male,Nurse,23327,9158,9902,2449,4466,4160,9032,9544,2853,1123
290,Male,Journalist,43632,12330,3162,4774,2175,4533,5945,2609,1500,2909
291,Male,Doctor,38818,11391,8888,5855,1577,2166,3057,3352,3701,1471
292,Female,Doctor,23715,19330,9697,7031,3249,4104,13454,5206,2838,2332
293,Female,Journalist,33502,14029,14300,5990,4462,1796,9056,2464,2845,2725
294,Female,Engineer,23386,18962,9363,4224,2007,2190,14631,8863,3523,3597
295,Male,Pharmacist,10083,11858,6833,3276,4775,3237,11995,6278,1739,3677
296,Female,Accountant,24886,9728,9831,6457,3674,2487,13625,5110,3674,1656
297,Female,Nurse,20911,11259,14956,2729,4306,3344,9196,6858,1187,4148
298,Male,Journalist,11604,9271,8102,9551,3663,1309,9014,3508,4450,4076
299,Male,Lawyer,46935,12041,6602,4029,4968,2823,2464,4881,4706,2863
300,Female,Pharmacist,33961,15083,12868,2332,2720,1058,7702,3811,3547,2245
301,Female,Teacher,23931,9379,12452,6176,2103,1188,10320,3666,3130,4948
302,Female,Pharmacist,47203,15476,6234,5048,1775,1798,12527,5232,2315,3855
303,Male,Accountant,17665,14342,7446,9990,3932,2622,8744,3330,1632,3662
304,Male,Nurse,24843,10617,12768,6907,1441,2337,9958,9583,1634,2591
305,Female,Nurse,49343,15062,10948,5047,1530,3783,14882,9672,1420,4803
306,Male,Pharmacist,44616,15743,11445,9763,2104,4747,14330,4075,2513,2873
307,Female,Teacher,35992,15961,3148,9656,2267,1683,3308,6262,1572,3617
308,Female,Software Developer,44990,9266,11404,3005,2813,4970,7135,6204,2442,4493
309,Female,Nurse,42661,16607,4100,6030,3773,2655,12253,2201,1313,1593
310,Female,Nurse,22821,17180,12233,8813,3653,2610,9051,9473,1109,1017
311,Female,Nurse,10220,13960,10152,5373,1415,2393,8583,9491,4436,4966
312,Male,Architect,10746,17631,8020,9808,1970,3750,13882,8091,3999,3967
313,Male,Lawyer,32228,16883,6309,6455,4765,3876,8028,6496,4549,1992
314,Male,Lawyer,15702,12439,4252,4327,2831,2103,4488,9749,1751,2693
315,Male,Lawyer,27349,13861,7556,2284,3417,2904,8926,5944,3257,1275
316,Male,Journalist,12272,12784,9837,2641,1051,1069,5544,8039,3078,4256
317,Male,Pharmacist,49353,11334,13307,5132,4993,1596,8714,9592,4378,2748
318,Male,Doctor,29219,10752,10796,8800,2855,4606,10904,5841,3238,4700
319,Female,Teacher,46662,12647,5155,9339,4436,4003,2168,6184,4082,4029
320,Female,Journalist,27909,19328,3998,5979,4351,2153,7012,9937,1517,2529
321,Female,Teacher,15517,12578,4718,3875,2845,1938,14848,8046,4049,2478
322,Female,Teacher,48852,16031,6478,7370,3966,4957,12786,5410,3900,4586
323,Female,Engineer,41401,19462,9838,3356,1636,1879,14990,8758,2392,2829
324,Male,Doctor,45554,17272,3691,6165,4020,4471,12292,8153,2180,4305
325,Female,Journalist,30722,16857,7104,2782,3123,1093,10508,6454,2023,4623
326,Female,Journalist,31662,18381,7605,7719,2472,1503,5424,8960,1453,3698
327,Female,Software Developer,28583,7493,13892,4441,3022,3416,7096,9769,3366,3771
328,Female,Pharmacist,10654,17598,3574,4218,2267,1578,7021,9340,1481,3338
329,Male,Software Developer,15822,15537,12036,4448,1683,2832,14719,8167,4364,2729
330,Male,Architect,17057,17951,14402,6884,1379,2073,13968,6365,3819,4848
331,Female,Journalist,21298,10868,9006,5108,4695,2154,7983,6508,1273,2009
332,Female,Architect,40786,9577,9645,4728,3494,2439,2010,8274,1144,2149
333,Female,Teacher,41965,12853,6882,7170,1200,3394,9259,2773,4289,1238
334,Female,Nurse,29856,12694,14662,6468,1010,1752,6944,7781,1463,2860
335,Female,Engineer,14784,10828,9237,7851,1150,3902,8148,5950,1312,3095
336,Male,Doctor,24467,12980,6572,9183,3989,4437,2886,7949,3243,4956
337,Male,Nurse,25147,19528,8320,9026,2776,2364,12608,4129,2486,3675
338,Female,Journalist,15064,15941,5873,3510,3910,4393,14501,8607,1135,3578
339,Female,Journalist,23727,8741,9197,8392,2651,3078,11949,8946,1493,1068
340,Male,Teacher,26204,16791,9703,5822,2528,4877,4713,2302,3055,2550
341,Female,Doctor,38062,16366,10675,7761,2981,4878,2515,2341,2177,2725
342,Male,Architect,43191,6682,8047,5608,2120,2201,2012,5681,1954,2835
343,Female,Journalist,14298,12120,13618,8808,4719,4608,4700,8036,1800,3622
344,Female,Teacher,33028,9697,5470,8062,1551,4732,10020,9518,3752,1311
345,Female,Nurse,22563,5161,7786,6900,2494,4129,9574,4688,2476,1111
346,Female,Doctor,22496,8091,9871,7643,2140,1430,7436,2399,3871,2188
347,Male,Pharmacist,49873,10867,6321,3407,3863,3809,4535,5226,3798,1056
348,Female,Lawyer,17100,15307,13091,2119,4823,1140,2339,8974,4751,1323
349,Male,Software Developer,15069,17244,13607,3973,2156,4240,10590,7300,1455,2982
350,Female,Journalist,43498,12257,5587,2788,1506,4539,14528,5211,1163,4663
351,Male,Teacher,44558,13655,10413,2456,1425,2792,14660,6171,4614,4684
352,Male,Engineer,45298,6595,3408,6061,1353,4197,14084,5296,4635,3104
353,Female,Accountant,28521,16053,4698,4353,4950,1816,2524,2119,1899,3241
354,Female,Journalist,45119,10728,6976,9755,2826,1132,12487,8812,4471,2926
355,Female,Nurse,10913,10684,10931,7903,4965,3163,11457,8848,1402,2910
356,Male,Pharmacist,41998,12267,9985,3185,2138,1470,7323,7601,1154,1595
357,Female,Architect,42794,5638,8819,2510,2641,3286,2985,2324,2860,2220
358,Male,Accountant,49906,10920,11535,7241,4192,3979,7264,2158,2881,2615
359,Female,Doctor,47141,15027,9774,7232,1459,3725,3775,3338,2009,2666
360,Female,Pharmacist,49130,19277,3836,4031,1223,3996,12795,2054,4004,3546
361,Female,Nurse,17545,17375,14728,6335,3410,2734,6421,5977,2172,4999
362,Female,Architect,16285,10214,8130,6418,2702,4996,6206,6557,2905,3878
363,Male,Journalist,13276,6940,11064,5369,2949,2894,2140,3603,1361,4420
364,Male,Teacher,37435,17355,7166,6168,4337,1734,9156,7582,2589,2124
365,Male,Teacher,32401,17736,12321,7797,3745,4493,13510,3813,2026,3289
366,Male,Pharmacist,25772,18552,3818,8957,4023,2059,6045,2094,3954,2180
367,Male,Engineer,14806,11088,11493,2079,4682,2059,13075,4433,3432,1967
368,Female,Accountant,34836,7489,7251,4420,4980,4728,6947,5878,1740,3844
369,Male,Engineer,44299,16391,7801,4847,3879,3448,12215,8936,2916,4341
370,Male,Teacher,16686,15166,7742,3624,2223,1107,10795,5567,4350,1231
371,Male,Architect,46270,9761,4611,9316,4187,3032,2938,5027,3536,4813
372,Male,Software Developer,15676,8030,9288,3758,2210,4623,8200,5618,2685,2558
373,Female,Pharmacist,14531,10666,6387,2778,4695,1746,11614,3206,3886,3968
374,Female,Lawyer,24312,7907,10136,5350,1906,3155,8473,8830,1799,1468
375,Male,Pharmacist,45900,9677,13076,8691,4828,1847,6656,3608,4943,1229
376,Male,Architect,13200,17616,8645,5963,2676,4265,5196,7149,2469,4410
377,Female,Architect,36887,16544,14635,3397,2361,3789,14054,9929,2892,3349
378,Male,Doctor,11173,14239,11337,5113,1778,1261,14003,6726,4167,4777
379,Female,Pharmacist,10884,5412,9471,4608,1991,3234,14044,7929,3100,2742
380,Female,Accountant,37912,6850,4055,7162,2936,4636,9413,6183,2221,4438
381,Female,Engineer,32068,18448,6730,9729,4237,4077,12934,4572,1797,1304
382,Male,Pharmacist,42639,15930,3002,3746,1397,4100,11172,6190,1461,2654
383,Female,Lawyer,39825,12510,6600,2569,3423,1354,6390,9051,2879,4271
384,Female,Engineer,38922,19107,9939,6574,2799,4146,7785,9557,3344,4637
385,Male,Accountant,38261,15396,6862,9373,4001,4840,13620,7849,2292,3210
386,Female,Engineer,36725,12670,10942,3921,4737,1940,9807,6978,3494,4099
387,Male,Teacher,30818,11608,8622,2953,2775,4582,5518,8203,3222,1428
388,Female,Journalist,33510,11405,11789,9732,4936,4530,11986,6986,1955,1001
389,Male,Pharmacist,17916,17616,3748,6654,2120,4015,7121,4869,4697,1861
390,Male,Lawyer,39937,18639,4428,4666,1750,1500,10920,8432,2524,3131
391,Female,Pharmacist,40051,19220,9351,3801,4584,2341,8580,8046,1835,3088
392,Male,Lawyer,42031,13560,3779,3795,1410,1450,7419,5995,2292,1605
393,Female,Engineer,15495,9410,7152,2899,3350,3337,10545,4035,3555,1788
394,Female,Nurse,17525,14598,8445,7429,4646,2982,11522,5201,4471,4266
395,Male,Doctor,25422,5845,9136,5739,1373,3519,12545,9217,2633,2469
396,Female,Nurse,16947,15021,14883,4864,4937,1678,4833,6646,2204,1177
397,Female,Software Developer,41721,14272,5601,7491,1281,3578,10073,8665,2749,1645
398,Female,Doctor,35028,5372,8239,4165,3290,1778,9843,6136,1610,1502
399,Male,Engineer,12302,10971,5593,8452,1124,3503,6582,3004,3407,3340
400,Female,Engineer,25531,11170,3519,4730,1465,1280,12124,8198,1771,3866
401,Female,Teacher,28138,18868,10054,7030,3175,4142,8885,9295,1793,1741
402,Female,Lawyer,13468,12019,11874,7643,3849,1508,3982,8830,1256,2017
403,Female,Teacher,38245,16567,7588,5690,2879,1724,3135,8259,3765,4697
404,Female,Lawyer,15549,18621,12970,3641,3489,2801,12669,9850,3248,3847
405,Female,Pharmacist,25111,11858,11276,9317,2334,1670,10785,4470,1173,3539
406,Female,Teacher,16486,14977,8375,9146,1681,1017,3315,2073,4805,1155
407,Male,Engineer,20760,5075,5236,3139,3885,3615,13922,9425,1213,2598
408,Male,Journalist,47613,18910,3047,5402,3398,3381,11411,8157,2703,3854
409,Female,Software Developer,32277,16631,6383,5266,1979,2705,4909,4252,3066,2620
410,Female,Teacher,10356,17195,3151,3861,1230,3328,10622,9814,3847,4587
411,Female,Nurse,45984,15396,8482,9901,4863,4201,8228,8854,1538,2123
412,Male,Lawyer,31716,19606,6715,8037,4157,2247,10666,2310,4062,1371
413,Female,Engineer,31408,16710,4603,8558,3064,2177,10589,2856,3237,2153
414,Female,Software Developer,10600,5897,4954,9638,2688,4778,11040,3209,3591,1824
415,Male,Engineer,11139,11122,7168,4342,2656,1788,10932,2019,3867,1881
416,Male,Journalist,16180,7200,10252,3245,2714,3763,9968,5527,4299,4428
417,Female,Teacher,41021,13130,8322,6737,3344,4293,12801,5378,4063,4256
418,Male,Lawyer,40215,11722,4543,6272,4119,3958,9148,3731,1128,3898
419,Female,Accountant,44613,9519,13293,6627,2885,4407,2608,5076,1339,3803
420,Male,Doctor,40424,18306,14039,3525,4676,3872,9581,6668,4795,2785
421,Female,Teacher,13859,7856,3377,8232,1017,4347,5969,5216,3691,2299
422,Male,Software Developer,33269,18723,10327,7323,1608,4900,11578,2554,2162,1191
423,Female,Nurse,45308,16784,3036,4632,1399,3152,4937,4787,1205,3020
424,Female,Engineer,30519,17890,4650,9367,2655,2961,11855,6026,4783,3356
425,Male,Engineer,14288,14261,12203,5877,2011,2135,7718,8130,2107,1618
426,Female,Doctor,37374,9250,7847,3842,3272,4944,3676,6995,1293,2483
427,Female,Teacher,10761,13707,9505,2880,4960,3237,4375,6138,1158,2790
428,Female,Nurse,33457,5378,14015,5613,2306,3164,13162,5251,4887,2124
429,Male,Accountant,26654,7434,6067,9483,1216,3310,5190,9964,4765,3624
430,Female,Accountant,22394,14940,12937,9232,1442,4800,13819,6477,2755,3199
431,Male,Journalist,33948,7121,4649,7661,3612,3268,3416,3951,1850,4589
432,Female,Architect,17807,8750,12800,9260,4760,3235,7413,5146,2986,3588
433,Female,Engineer,44835,11824,8260,8459,4115,2373,10928,3443,3859,3793
434,Male,Architect,32448,8663,12424,3075,4866,4440,6993,8696,1567,2794
435,Female,Doctor,47103,13901,5201,8978,1274,3659,5264,4965,4679,1306
436,Male,Nurse,34958,6942,11688,5045,4015,4009,4843,9522,1411,3879
437,Female,Doctor,45206,9178,3139,6952,1901,1702,11455,4964,4700,3953
438,Male,Accountant,30556,14857,6372,5274,3313,1175,10939,4401,4136,2972
439,Female,Teacher,32000,16130,6933,9135,4768,1865,7731,6287,3894,3100
440,Male,Accountant,48445,8558,11988,2751,2465,3444,4656,6034,2363,3948
441,Female,Engineer,28536,14985,8761,6706,1679,2624,5157,9236,1603,4263
442,Male,Accountant,36254,8075,12657,7289,2568,4248,3488,2164,1312,1158
443,Female,Doctor,45789,5934,9913,8535,1155,1944,4145,7728,4798,1516
444,Female,Pharmacist,43382,17435,12140,6787,3816,1472,12557,4133,3859,4922
445,Female,Teacher,49116,13077,11259,2691,2613,1655,8988,7196,3102,2858
446,Male,Architect,22887,8011,13453,8821,1469,3225,12207,5522,3324,4097
447,Male,Software Developer,43158,8467,7100,6459,3973,3370,10009,4321,3389,2049
448,Male,Journalist,31724,5244,4109,9169,4392,4972,5385,3576,1463,3485
449,Female,Journalist,45895,13900,4951,4538,1491,2824,13055,7243,2655,1057
450,Male,Nurse,16816,16077,9509,7921,1985,3424,5780,9195,1984,1448
451,Female,Accountant,28131,5972,7482,4860,4199,2643,7854,4266,3983,2804
452,Male,Software Developer,31098,16510,8281,8114,2051,3788,9454,8668,2727,1933
453,Female,Software Developer,20727,14831,13786,9438,2905,3717,10922,7143,1124,1642
454,Male,Engineer,19127,10343,11651,6792,2171,3691,2713,3700,2872,4040
455,Male,Doctor,24350,11647,14348,4360,1752,4806,10658,7074,3509,2984
456,Male,Accountant,41996,16572,8829,3740,1753,1988,4195,2955,4602,1201
457,Male,Teacher,12484,8188,5062,3573,4660,4516,9280,6632,2723,3923
458,Male,Architect,40157,19042,5180,7639,1924,3627,13674,3568,4221,2584
459,Male,Software Developer,40395,8457,4199,6513,1143,4393,13801,4731,1973,1985
460,Male,Pharmacist,46213,6113,5409,3855,1569,1563,8392,9278,1249,4843
461,Male,Pharmacist,25930,12538,13678,4631,1509,1818,6768,8289,3462,3993
462,Male,Lawyer,16678,8545,12712,8265,2848,3159,13003,2999,4576,1411
463,Female,Nurse,14774,11547,12959,7228,1342,3101,9914,6100,3430,4543
464,Female,Software Developer,45728,19574,14759,7653,1604,4328,6675,5622,2973,4363
465,Female,Lawyer,25338,5759,4278,4293,2406,2701,12579,3893,1719,4273
466,Female,Engineer,21129,9710,11853,2385,4936,4593,2074,3026,4523,1087
467,Female,Engineer,41437,8814,11833,8968,2351,4265,14172,7307,1662,4626
468,Male,Doctor,36277,14452,11541,3327,2360,1781,14062,9417,4269,2622
469,Male,Nurse,11600,7884,7299,3958,3454,2474,3669,4288,2239,4768
470,Male,Pharmacist,23378,15785,9157,9508,2223,3876,8626,3011,2759,2516
471,Male,Lawyer,28633,18706,12327,5965,3662,2139,5610,7613,2388,1423
472,Male,Architect,38041,13209,11507,4132,2590,1207,11047,6930,2143,3310
473,Male,Doctor,47925,15482,12079,6055,3423,4421,14048,5670,3930,2726
474,Male,Nurse,40183,5512,7868,3417,4330,3078,14539,4870,3866,1485
475,Male,Nurse,11108,19678,5415,6596,4518,1604,14580,6728,1909,2982
476,Female,Teacher,23714,5985,5926,6955,2257,1790,13532,5126,3424,1812
477,Female,Nurse,45554,7547,10927,3303,4766,2158,2470,4135,4544,3205
478,Male,Teacher,29328,13967,14822,3655,3443,1142,10272,7214,2663,1486
479,Female,Software Developer,13074,19155,12037,9679,4972,3595,4227,2567,1587,2065
480,Male,Architect,26350,11238,6144,2981,4770,1582,7036,2868,2518,3444
481,Female,Architect,14985,10568,11387,3294,3971,1114,3743,2773,3648,4807
482,Male,Architect,36863,14841,13634,2597,4913,1803,8412,4842,4452,3996
483,Female,Nurse,28888,17016,14583,4042,3016,2404,5488,6413,2576,2490
484,Male,Software Developer,15698,12313,8807,2757,3436,4682,10836,5686,2898,3091
485,Male,Pharmacist,38796,17457,14351,2635,4146,2400,8536,6929,1022,2555
486,Female,Engineer,20184,19880,13250,3597,4801,3424,6959,7366,4521,1838
487,Male,Software Developer,10595,13104,7855,5821,3273,3176,13858,5310,1723,3713
488,Female,Lawyer,23033,15502,3015,9771,1527,1207,2793,9125,2468,1984
489,Female,Nurse,27501,10221,14067,6099,3547,2324,4667,7202,4810,1100
490,Male,Accountant,41340,12535,11753,7678,4234,2952,11448,8291,4076,2835
491,Male,Nurse,20847,5012,8786,8487,2794,1269,10347,3942,4102,3044
492,Female,Engineer,44805,19890,11706,3252,4932,4667,8624,4151,4454,3795
493,Female,Accountant,43830,11781,11544,3550,4451,4828,3386,7722,3515,2734
494,Female,Pharmacist,30897,7941,4123,7084,2644,2349,13529,8876,1332,4079
495,Male,Nurse,34500,7192,3430,8474,1055,4143,3114,2226,4393,3423
496,Male,Lawyer,21531,5327,9734,5766,4225,4470,14767,5981,2768,1900
497,Male,Nurse,17670,18678,10059,3388,2160,3886,6421,2946,1095,2127
498,Female,Nurse,46501,5432,11584,8636,1117,2533,11823,4092,3246,4068
499,Male,Architect,12230,18013,4035,2377,3173,2193,2907,4520,4108,2637
500,Male,Accountant,15886,11787,6044,4555,1738,2624,10299,2055,3453,4811
501,Male,Architect,17903,15090,11062,3952,2611,3558,12397,7482,2960,2494
502,Male,Engineer,25749,16864,9548,7380,3968,2926,4437,5084,2148,4450
503,Female,Teacher,37892,5129,14860,7377,2710,1442,8172,9811,3704,1141
504,Female,Software Developer,21417,11712,7868,5386,4302,1842,13150,4224,4351,2539
505,Male,Journalist,40684,12243,3879,3125,1073,1979,12163,3664,3308,1911
506,Female,Architect,34441,16388,4494,4239,3262,1484,14194,4725,1341,1284
507,Male,Journalist,36153,15833,9014,8045,2975,2788,2421,9852,1244,4732
508,Female,Accountant,19147,19447,14344,4201,2034,1456,4220,2762,4322,4782
509,Male,Doctor,12378,16923,5418,2678,3335,2874,13441,3312,4911,4011
510,Female,Journalist,25455,9865,4699,7011,1625,4013,13333,5821,2798,3956
511,Female,Doctor,46963,14791,6074,7953,2560,2270,4448,6767,3289,2549
512,Female,Doctor,44072,19638,8630,3002,2129,3198,8706,3267,2359,4347
513,Female,Pharmacist,22938,17070,13024,4870,4069,4645,12889,5868,2430,3539
514,Male,Software Developer,24787,5925,10738,4370,4869,1014,12206,9145,3821,3898
515,Male,Lawyer,33341,8716,4908,5557,3778,3926,14437,5213,2112,1722
516,Female,Engineer,28205,19973,8082,9992,3995,4256,11206,5300,3590,3633
517,Male,Doctor,23452,12453,8680,4657,1264,2845,4431,2568,3062,3608
518,Female,Teacher,27380,11322,5606,9514,1591,2243,8130,5514,1607,2997
519,Female,Accountant,20952,17415,14964,4609,3420,2057,3621,5417,3955,1009
520,Male,Pharmacist,15230,18155,14444,8516,4594,4831,7663,5438,2294,3505
521,Male,Pharmacist,35582,11146,11307,8484,4781,2430,8830,8560,1221,1489
522,Female,Software Developer,13257,19791,9375,7536,2066,3259,13068,7591,3946,2388
523,Male,Architect,11417,10355,6572,7278,4849,2377,11965,6872,4561,2134
524,Female,Journalist,27371,8535,3849,2650,2211,2662,7696,3803,4040,4118
525,Male,Lawyer,41056,15726,6648,7579,4271,4843,9074,4719,1274,4119
526,Female,Software Developer,37142,6778,11986,7593,3553,1864,3617,2586,4783,4907
527,Male,Accountant,44833,9435,3089,3372,1778,1056,13196,5235,3913,4071
528,Female,Accountant,42332,19794,12116,9385,3835,2510,8076,3541,3785,4228
529,Male,Teacher,28575,19526,6865,4516,4346,2913,12833,7080,4258,3881
530,Female,Architect,41145,14519,7098,4024,2832,1049,14242,4702,1469,3305
531,Male,Accountant,24017,6067,3851,3543,3622,1940,6920,6768,4398,3198
532,Male,Accountant,16332,8815,8444,2901,1970,2106,5002,5040,2378,3744
533,Male,Architect,11229,8883,9859,4915,1346,4646,7208,4730,4740,4372
534,Female,Architect,36011,19541,3987,6466,4531,3990,5078,5413,4076,3832
535,Female,Accountant,34800,12573,8625,9206,4328,2130,2376,6505,3154,3341
536,Male,Doctor,27404,19995,8833,7009,3953,1706,12852,9961,4210,4173
537,Male,Teacher,47777,13752,9708,6081,4192,2919,12945,6806,4758,4346
538,Female,Teacher,37490,16038,7414,6212,4539,3518,14898,2861,4842,3156
539,Female,Nurse,22292,10516,13669,9611,2383,1122,9692,2101,4483,3690
540,Male,Software Developer,40355,19176,4463,6487,3730,1727,6740,4969,1140,3002
541,Female,Teacher,42884,8037,9825,4399,4681,1268,14115,8129,2789,3122
542,Female,Pharmacist,21597,12886,3256,6223,4303,4948,5595,3813,3056,4656
543,Male,Nurse,25618,10431,8416,2673,1224,4830,8791,3428,1435,1544
544,Female,Teacher,13639,6714,9954,3760,4066,3523,11158,8587,3341,3876
545,Female,Software Developer,38173,16085,7979,6290,1406,3774,10325,3686,2627,4155
546,Male,Accountant,27532,8600,14749,5831,1552,1191,2736,8901,2896,1087
547,Male,Journalist,21632,12025,10846,3725,4545,2506,7897,7034,3593,1698
548,Male,Lawyer,32043,15026,5417,5234,3563,3706,6219,6751,2432,2134
549,Male,Pharmacist,13241,19544,3040,5465,4897,4079,6873,9766,3863,3942
550,Female,Architect,42128,6051,11402,2687,3080,1419,14162,3910,1585,3420
551,Female,Journalist,40360,6006,5959,7176,1730,4930,14698,4972,2874,2749
552,Male,Software Developer,34713,17052,3196,4533,3613,1040,4762,8899,3675,3999
553,Female,Engineer,35089,12702,4646,6247,1384,3758,13716,6804,3188,1855
554,Female,Accountant,31975,9438,8624,2101,1517,1385,14501,4277,1284,4569
555,Female,Pharmacist,29813,12999,13732,4209,4921,2642,14575,5769,4068,1500
556,Female,Nurse,42966,15457,13041,6632,2288,4077,8575,4523,1760,4867
557,Male,Journalist,22634,19867,9736,3910,4483,2323,14074,6794,4199,4895
558,Male,Engineer,13060,17703,9911,9759,4584,4710,6427,8630,4551,2244
559,Female,Doctor,46420,19368,8466,4291,2424,1771,10589,9633,3905,2219
560,Female,Journalist,12556,10818,6943,5604,2700,1638,7055,4831,4630,3379
561,Male,Lawyer,15725,15642,14351,8689,1258,2526,5672,6794,4351,4552
562,Female,Doctor,33397,12761,10932,7762,2526,3324,13163,3580,3444,2725
563,Female,Journalist,19029,10462,7538,3184,3070,1753,14115,9811,3260,2419
564,Female,Engineer,40747,5047,3608,8020,3994,2376,9056,9808,2020,4054
565,Female,Journalist,20384,6136,9153,8372,3240,2148,9874,8461,3402,4702
566,Female,Architect,32295,17064,9545,8345,4957,1832,11715,8895,1751,4305
567,Female,Accountant,14819,7357,8677,8022,1077,1121,4484,2430,2564,1233
568,Male,Pharmacist,46299,18348,8752,2332,2069,4568,13684,8744,3956,3887
569,Male,Teacher,15416,19205,8496,9649,3590,1793,10521,3634,1981,2550
570,Female,Engineer,18699,9895,4747,6454,1900,3112,14923,2387,3515,2304
571,Female,Journalist,22271,19610,9976,5753,4102,2802,12690,3689,2422,3740
572,Female,Architect,32913,18545,9658,5755,1047,4706,13145,2349,1221,4743
573,Male,Lawyer,12004,15842,13241,4038,3906,2442,5996,7219,2481,4495
574,Female,Journalist,24944,17001,14074,4410,2672,4944,5182,3182,2143,3492
575,Male,Lawyer,16865,10437,5930,4207,3957,4811,8621,9117,3267,1575
576,Male,Software Developer,29560,17921,11670,6187,4308,2344,5155,5621,4600,1255
577,Male,Engineer,24516,13919,10060,7122,3862,2288,2243,8167,2348,4375
578,Male,Accountant,26078,13161,8074,9172,4064,2060,3425,9125,2882,3890
579,Male,Doctor,24189,7122,14173,2676,2380,2205,2319,6422,1966,3947
580,Female,Journalist,19484,7635,14610,6391,1584,4281,11789,7347,4662,3711
581,Female,Pharmacist,47039,16419,12189,4234,3487,2366,10638,5954,2823,3548
582,Female,Accountant,10708,5730,10985,4608,4729,4499,10339,3778,1767,2411
583,Male,Lawyer,30289,18241,7241,4659,3288,2580,6414,2393,4509,4917
584,Male,Lawyer,16853,10168,11938,4838,4945,2228,11309,4054,2440,2009
585,Female,Teacher,10421,10930,8878,2452,2338,2014,12997,4183,1846,3375
586,Female,Software Developer,18298,16874,9551,3587,1556,3980,2054,7400,2172,2396
587,Female,Accountant,32509,18574,6415,8865,4198,2026,10079,7620,4421,4594
588,Female,Software Developer,20902,15172,3583,4292,4203,2924,8361,5026,1833,4996
589,Female,Engineer,36525,10624,12362,4808,4975,2392,3071,4248,2135,2216
590,Female,Architect,31284,9017,13905,2887,1922,2484,8158,7403,1385,4651
591,Female,Nurse,44940,14704,3101,7525,2458,2059,4975,4230,2181,1557
592,Female,Architect,42371,15165,14590,6958,2110,4300,10754,3286,3547,1889
593,Female,Teacher,26117,10014,4110,4813,3193,1702,5311,2622,2884,1388
594,Male,Accountant,47874,10243,8104,2053,1354,2056,14136,5011,2428,2175
595,Female,Software Developer,39501,16157,5533,8120,1713,3618,14582,4343,3950,1902
596,Female,Engineer,22536,11771,7990,7017,3785,2204,4804,8231,1352,4202
597,Female,Engineer,21419,14243,14161,5288,2822,1748,13747,8291,2457,1201
598,Female,Lawyer,17803,12713,6195,7239,3306,3467,10584,4746,2478,2360
599,Female,Pharmacist,30063,19099,6125,5315,2565,3268,7051,2379,4635,4665
600,Male,Nurse,12790,13969,11755,5731,3184,2683,11260,7636,2065,3827
601,Female,Pharmacist,24048,15472,10052,3920,3896,4800,13125,3895,4403,2278
602,Female,Accountant,39749,13596,7504,7135,1235,2063,5906,7195,3239,4809
603,Female,Nurse,21860,14262,8678,9469,3176,2751,10082,9634,2956,2038
604,Male,Accountant,20493,13992,3497,8058,2461,1993,12506,6606,2639,1244
605,Male,Nurse,26310,17557,14645,9817,4495,2115,5370,9278,2891,2867
606,Male,Architect,31936,11251,6295,4080,1890,3055,11552,4567,1102,4204
607,Female,Lawyer,17255,13056,8717,2731,1823,1066,3083,4939,1510,3327
608,Male,Nurse,30474,8024,4039,3299,1902,2436,12138,9825,3146,4039
609,Male,Lawyer,14462,12678,12425,7601,2402,2150,12059,9575,3409,2481
610,Male,Software Developer,11735,13011,11935,2129,2752,2952,12978,6991,2783,4360
611,Female,Pharmacist,24903,13283,3712,2254,4797,1493,7628,4197,4313,3278
612,Female,Pharmacist,29256,15571,3950,4631,2443,1052,13934,4504,2908,1982
613,Female,Doctor,33581,8388,12878,4068,3387,3299,13278,3636,3930,3203
614,Male,Engineer,48494,18852,8000,4529,1863,1952,14381,3523,2946,2611
615,Male,Engineer,19462,12853,10854,8358,1640,4236,4888,3280,3854,4459
616,Female,Teacher,13642,14102,12663,5790,3106,2918,14447,5007,2890,4187
617,Female,Journalist,30786,15190,12618,2982,3354,1160,13019,3026,2065,4661
618,Male,Lawyer,19119,10812,7156,5922,2809,1905,4178,5165,3839,2630
619,Male,Doctor,14453,11129,8736,4436,4515,1066,10685,9276,2386,3623
620,Female,Journalist,18699,13355,4066,6220,1764,1330,12793,4274,4786,4984
621,Female,Pharmacist,49017,19114,7904,9400,4010,4490,12593,7878,4495,3465
622,Female,Engineer,19192,12160,7061,2235,2687,3919,9976,4916,2778,3962
623,Female,Journalist,31829,11182,10820,4745,1287,3774,11354,4534,2303,1752
624,Female,Doctor,24386,12234,10255,8600,4657,2370,13789,8211,3458,3057
625,Male,Journalist,36747,10316,13214,7433,3539,3651,14599,4170,3171,4821
626,Female,Teacher,42749,6736,13563,8141,4280,4420,9698,5996,4649,2243
627,Female,Software Developer,16724,5443,7511,8450,1666,3130,12136,6707,3731,3627
628,Female,Software Developer,25318,12980,8365,5594,4531,2110,10583,8662,2156,1633
629,Female,Pharmacist,12777,14430,8172,4368,4174,1304,10496,2706,4288,2039
630,Female,Journalist,46609,11034,12504,6908,3125,3544,7506,5069,3722,4339
631,Female,Engineer,43466,9315,9467,9318,3636,4731,12038,9801,1879,3238
632,Male,Teacher,27965,5536,14017,6955,2757,3715,6046,4636,1734,3436
633,Male,Journalist,14583,5030,7243,6091,1488,3687,12810,7555,1367,1591
634,Male,Architect,42555,6163,9042,8440,2508,3108,13809,5435,4865,4532
635,Female,Doctor,10002,13119,7552,5755,3363,2579,2182,6881,1196,3444
636,Female,Architect,18330,18526,14604,8888,4780,3535,5079,4889,3286,2596
637,Female,Software Developer,32603,10478,11851,8793,1728,2901,12572,4875,1075,2949
638,Female,Teacher,31793,17437,11583,3221,1513,4183,14821,8379,4127,1288
639,Female,Software Developer,44981,19231,7039,4288,2458,3509,13791,7421,4825,3703
640,Male,Pharmacist,41450,19169,4892,3282,3869,3403,12333,8000,4024,1403
641,Female,Pharmacist,37161,19925,8489,2694,3691,4938,8962,3530,4334,4850
642,Male,Doctor,19592,16484,4303,8784,4185,3062,5011,8107,1025,4067
643,Male,Journalist,24054,15220,12514,9518,3677,2452,9684,4037,2152,4296
644,Male,Software Developer,47626,9184,5972,6603,2881,3959,2013,5670,1797,1768
645,Male,Software Developer,11965,14679,13674,5806,1156,2270,7519,9353,3884,4264
646,Male,Lawyer,24521,5401,7167,5956,1829,1426,3646,7407,1666,1556
647,Female,Teacher,38608,18340,11912,5662,2373,1966,7871,8133,2896,1743
648,Female,Pharmacist,46710,9391,14800,5540,2375,1591,6619,5733,2289,2497
649,Male,Accountant,11049,17503,5002,8150,4654,3094,7974,4288,3439,2729
650,Male,Engineer,14735,10450,7316,7761,3646,2765,2431,9848,2428,4115
651,Male,Lawyer,37821,6406,10362,8281,2711,1820,4190,7552,3365,1505
652,Female,Engineer,10461,14607,3296,4201,3114,1897,6323,6412,2588,1473
653,Female,Lawyer,39997,19814,5726,4595,4433,2086,12342,2045,4028,1226
654,Male,Architect,47109,8911,9326,2675,2685,1085,6836,5098,2834,2366
655,Female,Nurse,49289,8063,12958,4465,4444,1524,9813,7697,2896,3619
656,Male,Pharmacist,35405,16650,12979,9250,4780,1709,14773,3622,1327,2610
657,Male,Teacher,39934,5697,13457,5651,2898,4433,5519,3069,4520,1798
658,Female,Teacher,41677,17791,8260,6532,1325,3587,2218,7494,1043,3981
659,Female,Teacher,10940,7820,4656,6895,4596,3833,3097,2960,2195,4638
660,Female,Software Developer,37290,18257,12756,6549,4413,3759,10974,5183,3973,2579
661,Female,Engineer,21375,14079,14289,5453,2286,1868,2030,6406,4847,1226
662,Female,Engineer,27567,15185,12832,4888,3419,1325,10923,5959,4197,4670
663,Male,Doctor,19093,10589,11614,5547,2062,1905,14792,2578,4722,1016
664,Female,Lawyer,48391,19509,14825,8031,1982,2918,3611,2151,1069,1623
665,Male,Teacher,16903,12184,5994,9470,2339,2573,14737,5281,1145,4631
666,Male,Journalist,30142,14931,9847,8002,4252,3145,2063,4341,3240,2221
667,Female,Doctor,33678,9042,5988,9945,4659,4412,13560,3082,4128,2981
668,Male,Doctor,27244,17220,10183,8529,3304,4008,4709,2074,4526,2771
669,Male,Nurse,20653,18952,13212,8972,2515,4234,14050,4008,2024,4202
670,Female,Lawyer,21305,17958,6256,4657,2376,3224,6090,4308,1052,1870
671,Female,Software Developer,47609,6082,13890,5593,4055,4189,12378,4569,2425,1792
672,Female,Doctor,14574,18276,12418,2287,1908,1833,7687,4808,1699,1032
673,Female,Pharmacist,44952,7886,3035,2419,1880,2029,10675,9700,3692,3717
674,Male,Accountant,28849,17632,9766,6598,4247,2954,9301,5651,4907,4215
675,Female,Journalist,36668,15951,10513,8670,1700,3083,4153,5417,3486,4309
676,Female,Lawyer,12002,9277,11381,6660,1633,2095,7638,7222,2461,2747
677,Male,Architect,25979,18962,6908,3931,3749,1489,8617,7726,3194,1165
678,Female,Pharmacist,20547,7413,6996,3048,1934,2248,12482,2559,4300,3649
679,Male,Engineer,21440,15167,10582,2327,3304,1876,2808,4492,1351,2907
680,Male,Engineer,41909,17967,12143,5494,1857,3341,4879,2620,3156,2282
681,Male,Architect,21934,7178,13734,4571,2141,2360,14717,2945,2630,1693
682,Female,Journalist,46719,13628,8142,9781,4139,1979,10481,3969,1236,4601
683,Male,Accountant,29574,7801,5431,9782,4344,3734,5557,6024,2963,2971
684,Female,Doctor,17170,7981,14504,8832,4365,4999,9359,7453,2431,2114
685,Female,Doctor,38552,6702,12508,2212,2848,4265,11984,3732,2234,3237
686,Male,Software Developer,27406,12778,7625,5391,4480,4539,12101,3467,1900,3465
687,Female,Nurse,10732,7857,4953,2356,1388,1106,12666,3237,3133,4104
688,Female,Journalist,13628,8235,6653,4107,1200,2939,13202,4891,4922,1335
689,Female,Software Developer,16340,14712,13525,5085,3699,1116,3518,4380,4835,2744
690,Male,Lawyer,37595,17316,11758,7671,4724,1649,3396,5293,3423,1793
691,Female,Nurse,36482,16764,13522,4573,2053,1100,14569,7662,3521,4016
692,Female,Doctor,17454,15578,6335,7770,3949,1459,11207,3899,2708,2965
693,Male,Journalist,11639,8906,13280,9654,1005,4522,12738,9785,2178,3344
694,Female,Architect,34555,7671,10256,2152,3279,2576,5667,3841,4107,1651
695,Male,Nurse,40573,18053,13114,7787,1487,2263,12507,5939,2333,2478
696,Female,Accountant,25598,16927,3850,5471,2914,3993,13605,4973,2740,1267
697,Male,Architect,38998,10442,11590,6913,4933,3242,12030,5676,3200,2667
698,Female,Nurse,14525,17508,7414,3076,2029,2863,4050,7607,3784,3181
699,Male,Doctor,45791,7643,3973,3705,4128,4757,7455,4150,3836,4258
700,Female,Journalist,35760,14399,5126,2522,1483,4207,10919,3958,3333,2709
701,Female,Teacher,25701,19136,6726,4920,1245,1680,4092,2897,4662,3833
702,Female,Accountant,32797,9773,5651,8855,3636,3616,5158,2475,4612,1370
703,Female,Engineer,37924,11073,6424,9708,2156,1955,7141,4126,1445,2326
704,Female,Accountant,11994,16224,9949,8575,3359,1532,10768,6983,4610,3333
705,Male,Journalist,33208,11926,9908,6076,1776,3698,14401,4042,3539,4181
706,Female,Doctor,35131,15013,8986,8788,2134,4361,7514,4830,1263,1903
707,Female,Accountant,19351,12909,7368,5096,3184,4990,7677,6173,1596,1789
708,Male,Nurse,38876,9453,5057,8455,2465,2231,11705,2595,4228,3450
709,Female,Lawyer,29362,5129,4332,5533,3129,4703,14596,6712,4834,1901
710,Female,Doctor,34278,8589,8169,8467,3786,2432,2222,2381,3061,1669
711,Female,Engineer,20520,10672,4460,8009,1271,1160,11017,9431,3877,2037
712,Male,Lawyer,36164,16768,5883,7752,2060,2592,11634,4447,2868,4963
713,Female,Pharmacist,18064,8189,5453,8402,3693,4881,12584,3190,2336,2115
714,Female,Architect,17437,12976,7906,5426,1247,3065,3779,4608,1044,1258
715,Male,Engineer,36473,19080,7882,6133,1950,1049,5192,8955,3973,4587
716,Female,Software Developer,29077,10220,9130,6500,3334,2237,6930,8686,4632,4303
717,Female,Journalist,26108,5882,14560,8764,4265,1458,3414,5112,2029,2011
718,Female,Software Developer,24631,17267,9234,4001,3209,3798,9088,6880,2054,2416
719,Male,Doctor,46044,12200,3554,5758,1180,3506,4753,2385,3667,3730
720,Male,Engineer,12327,10020,8054,6429,1329,1873,10569,3745,1090,4770
721,Male,Doctor,23890,16883,7609,3402,4065,1294,9918,2194,3357,4928
722,Male,Teacher,44156,11204,5091,3310,4231,1510,4074,4296,3226,2324
723,Female,Accountant,26051,18487,11970,3367,2526,3584,11230,8887,4172,4933
724,Male,Lawyer,37470,14418,9677,9827,4853,3396,9072,2648,2508,2552
725,Male,Teacher,47647,15199,10758,7258,2037,1734,11444,3127,4799,4192
726,Male,Software Developer,36892,19572,11775,2064,2788,4957,4977,8149,3355,3961
727,Male,Engineer,39636,10557,13834,9686,1256,1469,10578,3359,1404,1375
728,Male,Accountant,15175,18370,9581,8256,4233,1705,6297,8346,3904,1045
729,Female,Nurse,40146,5635,4056,4880,4664,3215,2467,3601,3048,1873
730,Male,Architect,32814,16978,13142,9093,2313,3697,5694,8622,2481,1170
731,Female,Doctor,12162,6870,6573,3175,1936,2775,13839,5159,3637,1971
732,Female,Teacher,37993,17270,11623,5585,2352,3910,8215,8496,1716,3973
733,Female,Architect,38187,17554,6724,6562,3181,4337,10090,4881,2245,3467
734,Male,Software Developer,34091,17961,3489,4047,1911,3049,13673,5324,3403,2637
735,Male,Journalist,27631,13000,7877,8293,3995,1541,6888,4324,1872,1974
736,Female,Nurse,47614,6262,8946,2875,2463,3872,8426,7422,1090,2196
737,Female,Journalist,10438,16504,12249,5658,2799,3275,2472,4015,2887,4346
738,Male,Software Developer,32525,9983,3908,9965,1170,4181,2411,9656,2156,2062
739,Female,Accountant,13002,13022,7344,9265,2364,1923,3603,4378,4138,2865
740,Female,Journalist,17062,16423,4165,8216,1902,2448,8389,7172,3408,3363
741,Male,Pharmacist,37314,10951,4006,4346,2715,1941,12332,8462,2865,4844
742,Female,Accountant,43955,5822,8175,5317,2792,4267,13826,8827,4827,3405
743,Female,Teacher,12897,6903,10645,9299,4034,1549,6438,2546,1775,4350
744,Female,Software Developer,14915,14922,9700,5286,4406,2501,5001,4608,2022,1040
745,Male,Doctor,49445,9915,11971,4707,2687,2180,8501,9054,1867,3249
746,Female,Pharmacist,12182,9884,4854,8973,4134,4791,3490,8429,4931,4442
747,Male,Engineer,37827,12551,14744,3745,1139,4076,2181,8244,2094,4604
748,Male,Pharmacist,30812,5430,4943,6639,2774,3056,14219,3032,2618,4008
749,Female,Architect,43881,7112,4527,5279,2763,4620,14895,7770,3063,3580
750,Male,Software Developer,38893,19598,8975,8739,2062,3488,4802,8694,2934,2909
751,Male,Engineer,14636,12436,5387,7268,4170,4031,7569,9079,3455,3499
752,Male,Teacher,14019,7334,5243,4632,4239,1408,2787,6355,4976,4839
753,Female,Software Developer,16224,7138,6547,7650,4075,2653,10159,9609,3034,2976
754,Female,Engineer,48343,5251,13249,7754,1461,4188,12005,9177,3191,2325
755,Female,Architect,41202,6043,8953,6451,2551,4754,10360,4565,1549,3230
756,Male,Nurse,38458,13090,8320,7675,3198,4377,9515,8782,4982,2867
757,Female,Doctor,27494,11091,12899,6063,4049,1964,8338,2476,2558,3918
758,Female,Pharmacist,24710,8348,5801,2229,1822,2137,2469,8187,4877,4770
759,Male,Architect,31365,8245,9740,8638,3038,3849,14284,7109,2181,3845
760,Female,Architect,48457,18339,14144,3983,2166,4816,12899,5458,1704,1262
761,Male,Teacher,18057,7952,10224,6890,2837,3583,2487,2462,1286,2871
762,Male,Doctor,27110,8848,13155,5768,4332,3702,2830,3189,2017,1198
763,Male,Lawyer,32334,17596,13922,5455,4927,4601,13330,3387,2459,4951
764,Female,Accountant,46506,6153,10099,4596,1868,1500,2511,7749,2952,1850
765,Female,Teacher,15160,5263,7594,3322,4679,4757,9248,9845,1617,1123
766,Female,Lawyer,34491,14243,6103,8024,2078,1578,2270,4082,3020,2806
767,Female,Doctor,14948,10941,10889,4698,3648,4031,2537,3835,4419,4231
768,Male,Nurse,40718,15245,4961,9361,1787,4892,8284,8124,2150,4321
769,Female,Pharmacist,43536,14385,7770,9123,3068,3572,10392,6077,3703,3615
770,Female,Accountant,16687,19403,12577,6375,4646,1646,5759,8439,2354,4954
771,Female,Engineer,21396,8781,7291,8606,2052,3027,3315,2678,1701,2710
772,Female,Accountant,48564,15101,6639,6497,3933,4038,10561,6313,1580,4575
773,Female,Pharmacist,48169,10128,13115,6696,2808,3441,10611,5289,4512,2841
774,Female,Software Developer,11805,11668,4436,9381,2658,3593,11760,2646,3404,1261
775,Female,Doctor,13044,18029,10883,9051,2246,4716,3335,8870,1740,4430
776,Female,Nurse,14518,14736,14748,7646,1392,4661,9277,3412,3297,1497
777,Female,Teacher,26983,9988,8377,6097,4868,2162,8248,7204,3367,4223
778,Male,Software Developer,31040,15793,7662,6998,4100,4073,4324,3583,2728,2827
779,Male,Architect,49755,12402,4383,6639,4113,4706,13139,9748,2157,1798
780,Male,Accountant,30960,12268,12466,5246,3069,2847,14601,2533,3622,2053
781,Female,Teacher,31480,8124,11461,6697,2669,4805,3861,3638,3425,4479
782,Male,Architect,18840,10012,10921,8530,3898,2594,14763,5822,3269,1474
783,Female,Software Developer,36542,17012,10746,4022,3990,1657,7303,7797,3420,4891
784,Male,Doctor,14284,14025,4299,6937,1125,4070,14886,9643,2134,4108
785,Male,Accountant,49768,19560,8805,4459,1066,1791,12333,9556,3343,1748
786,Female,Journalist,23194,10204,7565,9600,4359,3842,3330,5116,4960,3084
787,Male,Teacher,13582,18278,3184,4256,2349,4582,3201,3701,1072,4817
788,Female,Architect,39150,12749,14577,2534,1002,2790,7277,2964,2933,4194
789,Female,Journalist,28263,6693,6411,3233,4914,4084,3224,8974,2915,1221
790,Male,Accountant,19911,12229,14579,9443,4077,4924,10714,2723,3407,2602
791,Female,Pharmacist,39828,5739,10512,7473,3047,2624,9395,9981,2547,1948
792,Female,Architect,23087,15854,7898,6838,3690,3510,8738,6429,4250,4742
793,Male,Architect,40987,13222,6861,3136,1515,2660,8575,2547,1270,2050
794,Male,Teacher,27688,12412,10908,4443,2511,2073,10753,7958,1588,4629
795,Male,Architect,38698,16777,12468,4046,3796,1765,6853,3361,4764,1547
796,Male,Nurse,35127,12386,9037,7631,1063,1156,5966,9408,1319,3814
797,Female,Nurse,16571,9902,7307,6261,4452,1195,7355,4260,3975,2483
798,Male,Journalist,44123,10047,14674,9846,3831,2983,12685,2604,3788,1132
799,Female,Teacher,16930,17581,3856,7569,2348,1147,13029,9846,2484,1434
800,Male,Architect,28393,6484,8731,7620,4642,2832,7064,3608,3188,3040
801,Female,Teacher,33484,7998,9996,9473,2398,2118,14096,5119,3145,3425
802,Female,Teacher,38334,5401,4991,6067,4544,2196,2854,6055,1712,4725
803,Male,Journalist,42213,8047,8498,7923,2037,3228,3216,6585,4869,1231
804,Male,Lawyer,13293,17139,11649,6414,3432,1769,7691,9462,1954,2700
805,Male,Nurse,19396,9821,9636,6047,3092,1049,13041,5169,2649,3583
806,Female,Doctor,33960,17229,3995,2920,4954,2843,14020,2917,1174,1467
807,Female,Engineer,21178,18635,9776,5963,2665,4281,2809,5606,1506,1833
808,Male,Lawyer,42174,13221,9005,2016,2672,4718,5886,9948,4913,3067
809,Male,Teacher,12757,15913,6166,6463,2620,3443,14871,7548,2547,1341
810,Female,Software Developer,16383,13397,9318,8265,2439,1405,9462,9317,1138,4969
811,Male,Accountant,27480,8176,3462,3649,2048,3630,6100,3986,3324,3638
812,Male,Software Developer,29437,6833,14578,7474,1202,2611,6233,9085,2956,1647
813,Male,Nurse,43876,15347,6293,4823,2865,2805,6574,6443,3276,3345
814,Male,Accountant,10777,8983,4081,7658,4175,3575,6193,8722,2135,3188
815,Female,Engineer,44846,14437,10267,5515,2121,2334,2399,4738,4912,1716
816,Male,Software Developer,14327,14855,6150,6844,1915,2935,10896,2753,1931,1264
817,Female,Teacher,12607,19477,10183,8013,3164,4927,12417,3185,4597,2135
818,Female,Engineer,49372,18692,12237,4842,2378,1818,13821,5093,2396,4841
819,Female,Pharmacist,29387,16695,4116,5312,1851,1637,14557,8793,1189,3150
820,Male,Lawyer,24491,14534,8212,7899,3397,3453,14860,3573,4279,3811
821,Female,Teacher,10083,19752,10863,9479,2823,2642,9007,6709,3099,3008
822,Female,Software Developer,12647,15819,5478,4659,1974,3548,3066,2855,3651,3193
823,Male,Lawyer,30990,18986,12220,4433,2588,1329,2314,9213,1176,4100
824,Female,Nurse,12018,13384,3550,6886,2990,3272,7835,4883,3652,4275
825,Female,Doctor,42685,19596,12729,8364,1371,4842,9697,5963,2856,4155
826,Male,Lawyer,28713,16807,13288,3124,1835,2798,5633,6101,3263,3211
827,Male,Architect,37724,11896,6611,5404,4954,1565,10354,7496,3823,4328
828,Male,Pharmacist,12563,5928,4425,6657,2759,2611,2019,8996,4176,3980
829,Male,Accountant,14423,6937,14970,9829,3826,3897,7921,7857,3796,4755
830,Male,Software Developer,11899,6188,8049,2074,2375,3273,9877,6440,2397,1034
831,Female,Engineer,40974,18254,13361,6140,2443,3676,7998,8269,1965,4994
832,Male,Lawyer,18163,6718,3528,6652,1224,1485,5758,4745,2212,2759
833,Female,Pharmacist,36748,7234,9719,8956,1179,4206,7056,8338,3512,1836
834,Female,Lawyer,15572,19761,11853,5778,2106,3254,8862,8363,4271,1951
835,Male,Architect,37966,11927,10392,8777,2267,3102,2019,9689,4686,1315
836,Male,Pharmacist,43715,18248,3399,7556,4392,2093,8563,8186,2718,1838
837,Female,Pharmacist,11119,15607,7354,8751,1995,3743,13097,8158,1852,4748
838,Male,Engineer,20084,16705,12207,7826,2966,4313,8852,9919,1556,2407
839,Female,Teacher,35195,9626,12389,5970,2298,1574,8521,5734,1800,2111
840,Male,Software Developer,23634,18459,10484,2477,4738,2558,12926,4325,3759,3601
841,Female,Journalist,31821,17765,11433,4766,1783,3255,2266,4424,2083,2479
842,Female,Teacher,20882,10118,10241,4543,4810,3466,6019,3769,3878,3302
843,Female,Pharmacist,44534,11982,13243,5379,1819,3603,13761,7130,3781,4611
844,Female,Doctor,30205,9568,9459,5170,4432,4082,10192,7361,3709,3534
845,Female,Accountant,40086,14601,9787,4868,2776,2911,12179,7837,3923,2153
846,Male,Lawyer,11048,12125,4869,6748,3022,3707,6186,7920,3543,4833
847,Male,Architect,37692,7257,11989,5814,4193,3103,4804,4470,4117,2788
848,Male,Accountant,29228,8236,3930,8756,4099,1431,5792,4026,4699,2748
849,Female,Accountant,15414,14315,13996,3673,2976,1137,4633,7042,4939,3773
850,Female,Doctor,37019,6888,6273,8416,3773,3574,8265,8723,1082,3384
851,Female,Pharmacist,12337,16339,5312,3348,3491,4209,13882,4952,3593,1815
852,Female,Architect,10850,9355,11155,4559,1537,1637,14240,3518,2200,2544
853,Male,Architect,23608,19592,9254,9293,1978,1584,13821,9718,4294,1390
854,Male,Accountant,26567,10128,6533,8661,4633,2857,3939,3303,1219,2784
855,Female,Nurse,21611,6946,12431,2996,4836,2030,11225,6736,3876,4292
856,Male,Teacher,11110,7940,10806,9845,4364,1021,3430,3985,4376,1269
857,Female,Lawyer,42004,5382,10626,7385,2198,1992,9870,3140,4585,1744
858,Male,Pharmacist,22955,14148,9594,4012,4854,3430,8868,4622,3390,3375
859,Male,Lawyer,48446,15687,11979,8037,2521,1126,13682,7427,4169,2106
860,Male,Accountant,32639,13351,11518,8708,1273,1569,9994,7398,1258,3197
861,Male,Software Developer,28275,16851,8630,6938,4835,4156,9483,3666,3894,1066
862,Male,Engineer,18396,12521,9587,2731,2061,1548,8279,3272,2122,3773
863,Male,Lawyer,10562,5285,7215,8711,1877,2403,9823,7228,3246,1204
864,Female,Lawyer,42990,16763,9434,6938,1358,1833,13418,2642,1594,3422
865,Male,Software Developer,25535,13999,8548,2709,2509,2156,7939,5296,2277,2058
866,Female,Engineer,10462,7784,8954,5701,3036,2022,12662,3203,2123,2686
867,Male,Software Developer,30620,13798,5079,6567,3833,2317,6903,5249,4688,2545
868,Male,Engineer,34301,7629,4893,6805,4100,4280,8600,9725,1939,2098
869,Male,Teacher,19820,8413,4848,6486,4341,1295,13733,3446,1496,2870
870,Male,Teacher,26049,8706,7389,3813,3641,3747,7228,4692,4879,3253
871,Male,Nurse,13472,13217,5588,4439,2627,4975,10946,2896,3513,4336
872,Male,Doctor,15733,19637,4269,2634,1646,3094,14051,6055,4660,1996
873,Male,Journalist,46635,7948,4107,9832,4101,2955,12324,9903,1784,1684
874,Female,Accountant,28284,6653,7430,6488,3519,4922,3386,6662,4172,3232
875,Male,Software Developer,29800,8941,4600,9570,4575,3860,2901,6261,3638,1672
876,Female,Accountant,43627,8073,7534,2147,1710,4259,11877,6688,3487,3238
877,Female,Software Developer,25818,5318,10842,4505,1782,1817,7517,3728,3378,2214
878,Female,Doctor,49449,15307,14336,7238,4355,3957,6575,9300,3409,2055
879,Female,Software Developer,36467,18277,13063,7323,4835,4994,6932,6972,2138,3385
880,Female,Architect,23922,11115,12871,9287,4089,4853,10691,8489,3893,4270
881,Male,Architect,38856,17610,5532,6003,3657,3850,13828,5283,3770,4668
882,Male,Nurse,34414,7711,13743,2536,2250,4394,4572,7298,4113,1248
883,Female,Journalist,34791,19762,11991,2034,4963,1811,7075,4684,3948,4886
884,Female,Journalist,20433,12024,7944,7615,1079,3840,12515,3572,1045,1946
885,Female,Lawyer,45585,13422,12282,7932,3742,3842,4763,4627,4686,4625
886,Male,Engineer,47156,19014,8700,7329,3066,1727,7092,6197,4636,3371
887,Female,Doctor,38069,5297,12417,7130,4204,2396,11093,3173,2830,4063
888,Male,Teacher,14533,16301,14107,8117,3160,1097,2913,3556,2953,3768
889,Male,Journalist,22140,12413,5692,9148,4323,4361,7208,6012,2986,4167
890,Male,Journalist,35275,8513,11881,9056,2974,3599,6619,5183,2979,1450
891,Female,Software Developer,36173,11354,12359,7616,1735,3755,9065,7120,4894,3294
892,Male,Accountant,41395,9391,10670,3041,4439,3126,10558,6828,1331,2364
893,Female,Nurse,30668,16508,6217,5863,2470,3715,13643,2050,4058,1573
894,Female,Journalist,18341,10541,3540,6024,1078,2991,8966,7748,4699,2416
895,Female,Journalist,30616,16435,10972,7756,3635,4816,6053,7325,2447,3803
896,Male,Nurse,10048,13537,5432,9763,1483,4156,13025,2580,1744,3922
897,Female,Lawyer,29442,5403,8923,3692,4389,2436,3475,6047,3749,2430
898,Female,Pharmacist,24863,13298,8349,2792,1718,1419,6760,6206,2936,1822
899,Female,Doctor,21838,16506,4668,9289,2447,3457,10835,7379,4331,2101
900,Male,Journalist,27741,11852,11920,7416,1453,1658,10604,3411,3487,2502
901,Male,Accountant,43035,5267,10186,2091,4470,4649,2037,6313,2355,2167
902,Female,Journalist,11718,18809,6440,5068,4837,1731,6506,2276,3129,2987
903,Female,Lawyer,17785,5374,11119,8434,2450,1959,10406,7122,3065,2701
904,Female,Journalist,32971,7921,7791,9846,1289,3116,3638,7140,3890,1989
905,Male,Doctor,10724,6636,11821,2909,4458,4493,13896,9480,2361,2045
906,Female,Lawyer,24784,11731,13174,4354,2229,1951,8880,3861,4381,4767
907,Male,Teacher,33395,16872,9934,5676,4311,4340,4976,9516,4555,2617
908,Female,Lawyer,25374,11666,5753,7973,2943,2888,5761,9804,3688,3223
909,Male,Pharmacist,47358,15660,3813,8245,4186,1490,10524,6389,1906,2499
910,Male,Software Developer,38024,18274,13277,7564,2332,4486,4394,6526,1096,4941
911,Male,Nurse,28792,19461,7496,2078,3082,4223,11137,8712,1327,1133
912,Female,Lawyer,26307,11846,12048,7120,4610,4965,10620,7846,4041,1850
913,Male,Teacher,20943,19902,6816,7518,1252,2417,10941,7555,2976,3702
914,Female,Journalist,40856,10691,8076,4118,2428,3890,12601,3344,4569,3805
915,Male,Software Developer,48385,18988,10077,6589,1638,3874,12758,2655,2306,1760
916,Female,Software Developer,11568,15596,10957,7969,4246,3648,8389,6938,3479,3823
917,Male,Pharmacist,21007,15264,13780,2879,4932,2340,8782,8010,2428,1182
918,Female,Doctor,42322,10742,7043,7762,4331,3466,12695,7283,2005,4898
919,Female,Software Developer,42889,13453,10953,9281,1671,4683,14516,8014,2570,2004
920,Male,Architect,20031,7979,4113,4857,1580,2042,14774,7584,2168,2018
921,Female,Nurse,46269,8262,11108,3474,1720,1424,7836,6909,3116,3075
922,Female,Pharmacist,10652,15397,7573,8121,2238,3881,3169,7842,1786,4399
923,Male,Engineer,44115,5403,5731,7599,3211,4821,3552,2673,3966,1357
924,Male,Doctor,28332,13299,11129,2873,1993,4149,5850,8670,2261,4984
925,Male,Teacher,40744,19341,14368,9189,1317,2103,8657,8219,4323,3803
926,Female,Engineer,17216,17147,8027,3073,2860,1157,4699,8311,1547,3882
927,Male,Engineer,36996,7223,9916,6221,2134,1875,3787,8860,1877,3052
928,Female,Nurse,24794,16477,7063,6761,4676,1171,7846,2591,4393,1621
929,Female,Software Developer,31275,15511,7751,3716,1151,4185,13862,9561,2116,4165
930,Male,Engineer,49179,15889,10461,8101,2178,1343,11618,4219,3818,4543
931,Male,Doctor,15602,19334,4845,6416,1664,1575,11767,4572,1821,2337
932,Female,Teacher,40661,14010,8281,7305,1278,2814,3572,5060,2673,4717
933,Female,Teacher,39297,12273,5736,4421,4035,3039,6985,7252,3686,3866
934,Female,Pharmacist,14947,7615,6773,6544,2743,4177,3703,3300,1508,3675
935,Female,Engineer,28179,13948,7905,8238,1230,2330,4603,8334,4350,4565
936,Male,Pharmacist,30101,12572,10295,9472,1648,4250,13316,2549,1555,2403
937,Male,Teacher,11298,18534,9578,5393,3515,3671,6257,7191,3745,4725
938,Female,Software Developer,41336,15944,13460,9765,1014,4434,5845,2121,1028,2156
939,Female,Lawyer,14277,9583,11753,3830,4666,4143,13783,4933,4434,3442
940,Female,Pharmacist,29567,17597,4812,7935,2528,3668,12280,3198,4417,4962
941,Female,Doctor,39862,7378,6416,2492,2095,2775,5358,7427,4158,4766
942,Male,Teacher,47703,13106,14788,4299,2666,2401,2417,3697,4131,1057
943,Male,Architect,17564,10730,6873,3519,3378,1036,10740,8775,2734,1916
944,Male,Doctor,33250,19323,5640,5791,4352,4919,9645,5930,4100,1512
945,Male,Accountant,21213,16439,14347,6152,3522,4334,5155,9330,2379,3450
946,Female,Nurse,43812,19874,11893,8397,2673,2954,9860,8555,1113,3394
947,Female,Nurse,44347,7984,9179,6704,4200,4434,2039,4478,4949,3994
948,Female,Journalist,31430,19275,12083,4801,4420,1953,14358,3369,4214,2517
949,Male,Architect,16312,8730,10534,4226,1405,3610,3635,4874,1813,1565
950,Male,Doctor,19567,5817,8791,4412,4644,2026,4117,6345,1249,4823
951,Male,Journalist,35644,11124,7419,4898,2473,3794,2335,7136,3634,2453
952,Female,Nurse,43646,9246,13968,7566,1076,4327,4025,2397,3905,3527
953,Female,Software Developer,45467,17701,10563,9373,1619,4658,12442,2864,4315,4228
954,Male,Journalist,29536,16349,8051,5427,3495,1592,7263,6355,2051,3261
955,Female,Accountant,34044,11635,7191,2455,4486,4011,9478,5402,1792,4804
956,Female,Lawyer,30535,6810,9747,5725,1993,2587,12002,3928,4661,3711
957,Male,Nurse,42017,15736,6685,5003,2518,3336,9297,7969,2785,1150
958,Male,Architect,28260,9393,3220,5886,3810,2101,10549,4833,1948,1290
959,Male,Software Developer,43786,6346,10437,6765,3156,4513,6234,3924,1375,1354
960,Female,Journalist,13215,13220,3926,8886,4712,2080,2178,2253,2237,4359
961,Male,Accountant,45278,19065,8218,6288,1124,4375,10550,7172,1471,1542
962,Female,Doctor,17624,14237,5268,2036,4934,2222,13295,2437,4666,1017
963,Female,Engineer,30302,17433,9064,5451,3978,1231,4753,3171,2274,4904
964,Male,Doctor,47587,17493,5281,3212,3255,1542,12969,6242,4917,1293
965,Male,Journalist,44265,8197,8025,3041,4759,3262,13869,9888,4115,4905
966,Male,Journalist,35378,15161,6076,5370,3626,4206,10919,2721,1134,4037
967,Male,Engineer,11729,17402,5177,7536,4320,4785,10448,8156,4006,1795
968,Female,Nurse,39007,19992,12687,2536,3538,4020,8425,2726,3718,3037
969,Female,Teacher,13402,12748,13405,8715,1371,1703,10299,5873,4379,4995
970,Female,Teacher,13524,11782,8919,7238,2000,1320,6984,8090,2012,1205
971,Female,Nurse,14524,12583,7810,4614,1400,1015,8276,4001,3958,3528
972,Male,Teacher,34160,7824,5954,5599,2668,1568,8075,5816,2115,4759
973,Male,Architect,21496,14955,6591,9224,4929,1491,11230,4095,4136,2061
974,Female,Engineer,14637,17612,14694,2389,1106,1646,3342,8048,2946,3469
975,Female,Software Developer,30015,18698,13606,4701,4432,1341,12755,3445,3229,4397
976,Female,Nurse,39832,15743,9066,5843,1806,1198,14121,9175,2749,4032
977,Male,Accountant,17024,19905,3092,7857,2394,1569,10842,7504,4105,4152
978,Male,Lawyer,25838,18365,4168,7486,1415,4089,4051,8848,3188,3740
979,Male,Pharmacist,17897,12741,5490,8230,4548,2039,13397,4325,3057,1301
980,Male,Teacher,37681,5425,7509,5099,2910,4486,2773,9260,2447,1207
981,Male,Teacher,44700,12328,13166,5679,4785,2342,14926,6507,4191,1488
982,Male,Engineer,20122,9096,9959,4353,4236,2572,2076,9825,3957,3457
983,Female,Doctor,23794,14535,13494,4498,1095,2022,11616,7346,1213,3146
984,Male,Architect,22815,12323,3351,8511,4560,2882,11676,7985,2910,3198
985,Female,Nurse,33154,9899,10924,7769,3095,2506,14853,8877,3811,2988
986,Female,Nurse,48179,12819,14203,3280,1381,3966,9603,5923,2635,3034
987,Female,Architect,15149,7279,9818,3201,2503,4218,12302,7021,4166,1979
988,Female,Software Developer,38617,12177,13492,4893,4785,2072,5154,9155,3849,1877
989,Male,Nurse,25418,17950,5430,4460,4213,1072,9188,8042,2221,3871
990,Male,Architect,11784,17999,4309,5350,3376,4661,14115,7172,2969,4962
991,Male,Teacher,22710,15769,9871,9780,2369,4026,2065,8697,4107,3319
992,Female,Journalist,42045,11859,10547,7504,4974,3014,6890,6660,2753,4974
993,Female,Nurse,24102,17515,3062,5448,3310,2912,3082,6435,1289,2434
994,Female,Accountant,12295,13762,8281,7158,3997,1322,11084,9944,3164,1861
995,Male,Engineer,45815,18316,10469,2447,3573,1234,14065,2980,3872,4188
996,Female,Teacher,23453,9807,6316,2765,1881,2147,9925,3550,3036,3832
997,Female,Engineer,35404,13848,10545,3212,3465,3469,4339,2523,4967,2278
998,Male,Doctor,46976,9496,13943,4398,1866,3186,7844,8881,1977,3643
999,Male,Engineer,42962,19642,3154,6998,1073,1355,14607,6329,4088,2889
1000,Female,Pharmacist,11487,15662,11205,7159,3149,2714,5815,3330,1479,1789
